0	Pilot1-1
1	Pilot1-1
2	Pilot1-1
3	Pilot1-1
4	Pilot1-1
5	Pilot1-1
6	Pilot1-1
7	Pilot1-1
8	Pilot1-1
9	Pilot1-1
10	Pilot1-1
11	Pilot1-1
12	Pilot1-2
13	Pilot1-2
14	Pilot1-2
15	Pilot1-2
16	Pilot1-2
17	Pilot1-2
18	Pilot1-3
19	Pilot1-3
20	Pilot1-3
21	Pilot1-3
22	Pilot1-3
23	Pilot1-3
24	Pilot1-3
25	Pilot1-3
26	Pilot1-3
27	Pilot1-3
28	Pilot1-3
29	Pilot1-3
30	Pilot1-3
31	Pilot1-3
32	Playtest1-1
33	Playtest1-1
34	Playtest1-1
35	Playtest1-1
36	Playtest1-1
37	Playtest1-1
38	Playtest1-1
39	Playtest1-1
40	Playtest1-1
41	Playtest1-1
42	Playtest1-1
43	Playtest1-2
44	Playtest1-2
45	Playtest1-2
46	Playtest1-2
47	Playtest1-2
48	Playtest1-2
49	Playtest1-2
50	Playtest1-2
51	Playtest1-2
52	Playtest1-2
53	Playtest1-3
54	Playtest1-3
55	Playtest1-3
56	Playtest1-3
57	Playtest1-3
58	Playtest1-3
59	Playtest1-4
60	Playtest1-4
61	Playtest1-4
62	Playtest1-4
63	Playtest1-4
64	Playtest1-4
65	Playtest1-4
66	Playtest1-5
67	Playtest1-5
68	Playtest1-5
69	Playtest1-5
70	Playtest1-5
71	Playtest1-5
72	Playtest1-5
